district_name,year,function,spend_per_pupil,ela_pct_met_or_exceeded,math_pct_met_or_exceeded,spend_total,ada,k12_ada,fund01_charter_ada,data_status
Los Angeles Unified,2022-23,1000 Instruction,13268.21,41.17,30.5,5090480263.93,383659.84,348194.24,35465.6,both
Los Angeles Unified,2022-23,2000 Instruction-Related Services,4152.78,41.17,30.5,1593254283.72,383659.84,348194.24,35465.6,both
Los Angeles Unified,2022-23,3000 Pupil Services,2268.88,41.17,30.5,870477105.59,383659.84,348194.24,35465.6,both
Los Angeles Unified,2022-23,4000 Ancillary Services,442.49,41.17,30.5,169765405.38,383659.84,348194.24,35465.6,both
Los Angeles Unified,2022-23,5000 Community Services,11.18,41.17,30.5,4287571.99,383659.84,348194.24,35465.6,both
Los Angeles Unified,2022-23,6000 Enterprise,-0.0,41.17,30.5,-193.63,383659.84,348194.24,35465.6,both
Los Angeles Unified,2022-23,7000 General Administration,1462.11,41.17,30.5,560952881.51,383659.84,348194.24,35465.6,both
Los Angeles Unified,2022-23,8000 Plant Services,2607.9,41.17,30.5,1000548220.3,383659.84,348194.24,35465.6,both
Los Angeles Unified,2022-23,9000 Other Outgo,0.87,41.17,30.5,332709.18,383659.84,348194.24,35465.6,both
Los Angeles Unified,2023-24,1000 Instruction,14610.2,43.06,32.83,5565390973.43,380925.11,345338.43,35586.68,both
Los Angeles Unified,2023-24,2000 Instruction-Related Services,4415.48,43.06,32.83,1681968052.71,380925.11,345338.43,35586.68,both
Los Angeles Unified,2023-24,3000 Pupil Services,2852.58,43.06,32.83,1086618115.65,380925.11,345338.43,35586.68,both
Los Angeles Unified,2023-24,4000 Ancillary Services,621.88,43.06,32.83,236890347.24,380925.11,345338.43,35586.68,both
Los Angeles Unified,2023-24,5000 Community Services,13.53,43.06,32.83,5154779.04,380925.11,345338.43,35586.68,both
Los Angeles Unified,2023-24,6000 Enterprise,0.15,43.06,32.83,57833.55,380925.11,345338.43,35586.68,both
Los Angeles Unified,2023-24,7000 General Administration,1944.34,43.06,32.83,740646044.4,380925.11,345338.43,35586.68,both
Los Angeles Unified,2023-24,8000 Plant Services,2800.18,43.06,32.83,1066658394.44,380925.11,345338.43,35586.68,both
Los Angeles Unified,2023-24,9000 Other Outgo,5.01,43.06,32.83,1906770.9,380925.11,345338.43,35586.68,both
Los Angeles Unified,2024-25,1000 Instruction,15233.19,46.45,36.76,5656726075.13,371342.1,336446.66,34895.44,both
Los Angeles Unified,2024-25,2000 Instruction-Related Services,4836.08,46.45,36.76,1795838887.35,371342.1,336446.66,34895.44,both
Los Angeles Unified,2024-25,3000 Pupil Services,3724.34,46.45,36.76,1383005206.11,371342.1,336446.66,34895.44,both
Los Angeles Unified,2024-25,4000 Ancillary Services,703.05,46.45,36.76,261072019.46,371342.1,336446.66,34895.44,both
Los Angeles Unified,2024-25,5000 Community Services,16.22,46.45,36.76,6023321.64,371342.1,336446.66,34895.44,both
Los Angeles Unified,2024-25,7000 General Administration,1951.33,46.45,36.76,724610133.8,371342.1,336446.66,34895.44,both
Los Angeles Unified,2024-25,8000 Plant Services,3043.27,46.45,36.76,1130095727.63,371342.1,336446.66,34895.44,both
Los Angeles Unified,2024-25,9000 Other Outgo,2.31,46.45,36.76,859389.46,371342.1,336446.66,34895.44,both
