cds,school_name,school_type,reason,outcome
19647330102137,Aggeler Community Day,District Community Day Schools,non-traditional school type,level
19647331931385,Albert Einstein Continuation,Continuation High Schools,non-traditional school type,level
19647336060545,Alfonso B. Perez Special Education Center,Special Education Schools (Public),non-traditional school type,level
19647330109280,Amanecer Primary Center,Elementary Schools (Public),fewer than 30 tested / no scores,level
19647331931377,Amelia Earhart Continuation,Continuation High Schools,non-traditional school type,level
19647331930734,Angel's Gate (Continuation),Continuation High Schools,non-traditional school type,level
19647331932896,Arroyo Seco Museum Science,Alternative Schools of Choice,non-traditional school type,level
19647336100069,Balboa Gifted/High Ability Magnet Elementary,Alternative Schools of Choice,non-traditional school type,level
19647336060495,Benjamin Banneker Career and Transition Center,Special Education Schools (Public),non-traditional school type,level
19647336069157,Berenece Carlson Home Hospital,K-12 Schools (Public),fewer than 30 tested / no scores,level
19647331932821,Boyle Heights Continuation,Continuation High Schools,non-traditional school type,level
19647336016083,Brentwood Science,Alternative Schools of Choice,non-traditional school type,level
19647330109512,Cal Burke High,Continuation High Schools,non-traditional school type,level
19647336120794,CDS Elementary,District Community Day Schools,non-traditional school type,level
19647331996651,CDS Secondary,District Community Day Schools,non-traditional school type,level
19647331930387,Central High,Continuation High Schools,non-traditional school type,level
19647330124370,Cesar E. Chavez Learning Academies-Arts/Theatre/Entertain Mag,Alternative Schools of Choice,non-traditional school type,level
19647336060461,Charles Leroy Lowman Special Education and Career Transition Center,Special Education Schools (Public),non-traditional school type,level
19647331931336,Cheviot Hills Continuation,Continuation High Schools,non-traditional school type,level
19647331996115,City of Angels,Alternative Schools of Choice,non-traditional school type,level
19647330141549,Computer Science Virtual Academy,Alternative Schools of Choice,non-traditional school type,level
19647331932128,"Crenshaw Science, Technology, Engineering, Math and Medicine Magnet",Alternative Schools of Choice,non-traditional school type,level
19647336016653,Crescent Heights Boulevard Elementary,Alternative Schools of Choice,non-traditional school type,level
19647331931930,Dan M. Issacs Avalon High,Continuation High Schools,non-traditional school type,level
19647330120360,Daniel Pearl Journalism & Communications Magnet,Alternative Schools of Choice,non-traditional school type,level
19647330109231,"Danny J. Bakewell, Sr., Primary Center",Elementary Schools (Public),fewer than 30 tested / no scores,level
19647331931633,Diane S. Leichman Career Preparatory and Transition Center,Special Education Schools (Public),non-traditional school type,level
19647330120808,Dorothy V. Johnson Community Day,District Community Day Schools,non-traditional school type,level
19647331932888,Downtown Business High,Alternative Schools of Choice,non-traditional school type,level
19647330117028,Dr. James Edward Jones Primary Center,Elementary Schools (Public),fewer than 30 tested / no scores,level
19647331932318,Eagle Tree Continuation,Continuation High Schools,non-traditional school type,level
19647330129536,Eastside High,Alternative Schools of Choice,non-traditional school type,level
19647331931955,Ellington (Duke) High (Continuation),Continuation High Schools,non-traditional school type,level
19647336060503,Ernest P. Willenberg Special Education Center,Special Education Schools (Public),non-traditional school type,level
19647330122341,Esteban Torres East LA Performing Arts Magnet,Alternative Schools of Choice,non-traditional school type,level
19647331932342,Evergreen Continuation,Continuation High Schools,non-traditional school type,level
19647330133744,Fourth Street Primary Center,Elementary Schools (Public),fewer than 30 tested / no scores,level
19647331995448,Francisco Bravo Medical Magnet High,Alternative Schools of Choice,non-traditional school type,level
19647330110668,Frida Kahlo High,Continuation High Schools,non-traditional school type,level
19647330109223,Garza (Carmen Lomas) Primary Center,Elementary Schools (Public),fewer than 30 tested / no scores,level
19647331931518,George S. Patton Continuation,Continuation High Schools,non-traditional school type,level
19647336058036,Griffith Middle,Alternative Schools of Choice,non-traditional school type,level
19647331930619,Harold McAlister High (Opportunity),Opportunity Schools,non-traditional school type,level
19647331930296,Harris Newmark Continuation,Continuation High Schools,non-traditional school type,level
19647331932250,Henry David Thoreau Continuation,Continuation High Schools,non-traditional school type,level
19647331931393,Highland Park Continuation,Continuation High Schools,non-traditional school type,level
19647330109249,Hooper Avenue Primary Center,Elementary Schools (Public),fewer than 30 tested / no scores,level
19647331931690,Independence Continuation,Continuation High Schools,non-traditional school type,level
19647330141630,Iovine and Young Center,Alternative Schools of Choice,non-traditional school type,level
19647330116954,Jack London Community Day,District Community Day Schools,non-traditional school type,level
19647331931450,Jack London Continuation,Continuation High Schools,non-traditional school type,level
19647336060511,James J. McBride Special Education Center,Special Education Schools (Public),non-traditional school type,level
19647331932334,Jane Addams Continuation,Continuation High Schools,non-traditional school type,level
19647331935717,Joaquin Miller Career and Transition Center,Special Education Schools (Public),non-traditional school type,level
19647331931971,John Hope Continuation,Continuation High Schools,non-traditional school type,level
19647331930940,John R. Wooden High,Continuation High Schools,non-traditional school type,level
19647331939784,Joseph Pomeroy Widney Career Preparatory and Transition Center,Special Education Schools (Public),non-traditional school type,level
19647331933001,King/Drew Medical Magnet High,Alternative Schools of Choice,non-traditional school type,level
19647336119093,Lafayette Park Primary Center,Elementary Schools (Public),fewer than 30 tested / no scores,level
19647331931716,Lake Balboa College Preparatory Magnet K-12,Alternative Schools of Choice,non-traditional school type,level
19647330109199,Lake Street Primary,Elementary Schools (Public),fewer than 30 tested / no scores,level
19647336017818,Laurel Elementary,Alternative Schools of Choice,non-traditional school type,level
19647330141564,Leadership & Public Service Virtual Academy,Alternative Schools of Choice,non-traditional school type,level
19647330109264,Lexington Avenue Primary Center,Elementary Schools (Public),fewer than 30 tested / no scores,level
19647336017933,Lomita Math/Science/Technology Magnet,Alternative Schools of Choice,non-traditional school type,level
19647331932847,Los Angeles Center for Enriched Studies,Alternative Schools of Choice,non-traditional school type,level
19647336057897,"Luther Burbank Middle School Science, Technology, Engineering, Arts and Math Magnet",Alternative Schools of Choice,non-traditional school type,level
19647330106922,Maple Primary Center,Elementary Schools (Public),fewer than 30 tested / no scores,level
19647330109256,Mariposa-Nabi Primary Center,Elementary Schools (Public),fewer than 30 tested / no scores,level
19647336060529,Marlton,Special Education Schools (Public),non-traditional school type,level
19647330109207,Martha Escutia Primary Center,Elementary Schools (Public),fewer than 30 tested / no scores,level
19647330122333,"Math, Science, & Technology Magnet Academy at Roosevelt High",Alternative Schools of Choice,non-traditional school type,level
19647330135855,Maywood Center for Enriched Studies,Alternative Schools of Choice,non-traditional school type,level
19647331931468,Metropolitan Continuation,Continuation High Schools,non-traditional school type,level
19647331931070,Mid-City's Prescott School of Enriched Sciences,Alternative Schools of Choice,non-traditional school type,level
19647330109272,Middleton Primary Center,Elementary Schools (Public),fewer than 30 tested / no scores,level
19647331931484,Mission Continuation,Continuation High Schools,non-traditional school type,level
19647331930486,Moneta Continuation,Continuation High Schools,non-traditional school type,level
19647331931989,Monterey Continuation,Continuation High Schools,non-traditional school type,level
19647331930791,Mt. Lukens Continuation,Continuation High Schools,non-traditional school type,level
19647331931997,Odyssey Continuation,Continuation High Schools,non-traditional school type,level
19647330109181,Olympic Primary Center,Elementary Schools (Public),fewer than 30 tested / no scores,level
19647330106997,Orthopaedic Hospital,Alternative Schools of Choice,non-traditional school type,level
19647336058382,Orville Wright Engineering and Design Magnet,Alternative Schools of Choice,non-traditional school type,level
19647331931500,Owensmouth Continuation,Continuation High Schools,non-traditional school type,level
19647336018709,Paseo del Rey Elementary,Alternative Schools of Choice,non-traditional school type,level
19647331930783,Phoenix Continuation,Continuation High Schools,non-traditional school type,level
19647336116842,Primary Academy for Success,Elementary Schools (Public),fewer than 30 tested / no scores,level
19647331930577,Pueblo de Los Angeles Continuation,Continuation High Schools,non-traditional school type,level
19647331937085,Ramona Opportunity High,Opportunity Schools,non-traditional school type,level
19647330102764,Richard A. Alonzo Community Day,District Community Day Schools,non-traditional school type,level
19647331931435,Robert H. Lewis Continuation,Continuation High Schools,non-traditional school type,level
19647331930551,San Antonio Continuation,Continuation High Schools,non-traditional school type,level
19647330133736,Science Academy STEM Magnet,Alternative Schools of Choice,non-traditional school type,level
19647331933233,Sherman Oaks Center for Enriched Studies,Alternative Schools of Choice,non-traditional school type,level
19647331930973,Simon Rodia Continuation,Continuation High Schools,non-traditional school type,level
19647330122366,Social Justice Leadership Academy Magnet at Esteban E. Torres High No 5,Alternative Schools of Choice,non-traditional school type,level
19647336060586,Sophia T. Salvin Special Education Center,Special Education Schools (Public),non-traditional school type,level
19647330124412,Sotomayor Arts and Sciences Magnet,Alternative Schools of Choice,non-traditional school type,level
19647336019301,South Shores/CSUDH Visual and Performing Arts,Alternative Schools of Choice,non-traditional school type,level
19647330106930,Stanford Primary Center,Elementary Schools (Public),fewer than 30 tested / no scores,level
19647331931559,Stoney Point Continuation,Continuation High Schools,non-traditional school type,level
19647336061600,Sun Valley Magnet,Alternative Schools of Choice,non-traditional school type,level
19647336060578,Sven Lokrantz Special Education Center,Special Education Schools (Public),non-traditional school type,level
19647330130997,Sylmar Biotech Health and Engineering Magnet,Alternative Schools of Choice,non-traditional school type,level
19647336019475,Thirty-Second Street USC Performing Arts,Alternative Schools of Choice,non-traditional school type,level
19647331930692,Thomas Riley High,Alternative Schools of Choice,non-traditional school type,level
19647336058085,Thomas Starr King Middle School Film and Media Magnet,Alternative Schools of Choice,non-traditional school type,level
19647336016810,Tom Bradley Global Awareness Magnet,Alternative Schools of Choice,non-traditional school type,level
19647331996073,Tri-C Community Day,District Community Day Schools,non-traditional school type,level
19647330137083,University Pathways Medical Magnet Academy,Alternative Schools of Choice,non-traditional school type,level
19647330140046,Valley Oaks Center for Enriched Studies,Alternative Schools of Choice,non-traditional school type,level
19647331930429,View Park Continuation,Continuation High Schools,non-traditional school type,level
19647336019798,Vintage Math/Science/Technology Magnet,Alternative Schools of Choice,non-traditional school type,level
19647330141523,Virtual Academy of Business & Entrepreneurship,Alternative Schools of Choice,non-traditional school type,level
19647330141531,Virtual Academy of International Studies/Humanities (World Languages and Cultures),Alternative Schools of Choice,non-traditional school type,level
19647330141572,Virtual Academy of the Arts & Entertainment,Alternative Schools of Choice,non-traditional school type,level
19647330141556,Virtual Academy STEAM,Alternative Schools of Choice,non-traditional school type,level
19647336058077,"Washington Irving Middle School Math, Music and Engineering Magnet",Alternative Schools of Choice,non-traditional school type,level
19647330109306,Washington Primary Center,Elementary Schools (Public),fewer than 30 tested / no scores,level
19647331939479,WESM Health/Sports Medicine,Alternative Schools of Choice,non-traditional school type,level
19647336019905,Western Avenue Technology Magnet,Alternative Schools of Choice,non-traditional school type,level
19647331931054,Westside Global Awareness Magnet,Alternative Schools of Choice,non-traditional school type,level
19647331931856,Whitman Continuation,Continuation High Schools,non-traditional school type,level
19647331930403,Whitney Young Continuation,Continuation High Schools,non-traditional school type,level
19647331931534,Will Rogers Continuation,Continuation High Schools,non-traditional school type,level
19647330101329,William J. Johnston Community Day,District Community Day Schools,non-traditional school type,level
19647331930064,William Tell Aggeler Opportunity High,Opportunity Schools,non-traditional school type,level
19647336058374,"Wilmington Middle Science, Technology, Engineering, Arts, Mathematics (STEAM) Magnet",Alternative Schools of Choice,non-traditional school type,level
19647336019996,Windsor Hills Math Science,Alternative Schools of Choice,non-traditional school type,level
19647331995794,Youth Opportunities Unlimited,Alternative Schools of Choice,non-traditional school type,level
19647331931682,Zane Grey Continuation,Continuation High Schools,non-traditional school type,level
19647330102137,Aggeler Community Day,District Community Day Schools,non-traditional school type,growth
19647331931385,Albert Einstein Continuation,Continuation High Schools,non-traditional school type,growth
19647336060545,Alfonso B. Perez Special Education Center,Special Education Schools (Public),non-traditional school type,growth
19647330109280,Amanecer Primary Center,Elementary Schools (Public),fewer than 30 tested / no scores,growth
19647331931377,Amelia Earhart Continuation,Continuation High Schools,non-traditional school type,growth
19647331930734,Angel's Gate (Continuation),Continuation High Schools,non-traditional school type,growth
19647331932896,Arroyo Seco Museum Science,Alternative Schools of Choice,non-traditional school type,growth
19647336100069,Balboa Gifted/High Ability Magnet Elementary,Alternative Schools of Choice,non-traditional school type,growth
19647336060495,Benjamin Banneker Career and Transition Center,Special Education Schools (Public),non-traditional school type,growth
19647336069157,Berenece Carlson Home Hospital,K-12 Schools (Public),fewer than 30 tested / no scores,growth
19647331932821,Boyle Heights Continuation,Continuation High Schools,non-traditional school type,growth
19647336016083,Brentwood Science,Alternative Schools of Choice,non-traditional school type,growth
19647330109512,Cal Burke High,Continuation High Schools,non-traditional school type,growth
19647336120794,CDS Elementary,District Community Day Schools,non-traditional school type,growth
19647331996651,CDS Secondary,District Community Day Schools,non-traditional school type,growth
19647331930387,Central High,Continuation High Schools,non-traditional school type,growth
19647330124370,Cesar E. Chavez Learning Academies-Arts/Theatre/Entertain Mag,Alternative Schools of Choice,non-traditional school type,growth
19647336060461,Charles Leroy Lowman Special Education and Career Transition Center,Special Education Schools (Public),non-traditional school type,growth
19647331931336,Cheviot Hills Continuation,Continuation High Schools,non-traditional school type,growth
19647331996115,City of Angels,Alternative Schools of Choice,non-traditional school type,growth
19647330141549,Computer Science Virtual Academy,Alternative Schools of Choice,non-traditional school type,growth
19647331932128,"Crenshaw Science, Technology, Engineering, Math and Medicine Magnet",Alternative Schools of Choice,non-traditional school type,growth
19647336016653,Crescent Heights Boulevard Elementary,Alternative Schools of Choice,non-traditional school type,growth
19647331931930,Dan M. Issacs Avalon High,Continuation High Schools,non-traditional school type,growth
19647330120360,Daniel Pearl Journalism & Communications Magnet,Alternative Schools of Choice,non-traditional school type,growth
19647330109231,"Danny J. Bakewell, Sr., Primary Center",Elementary Schools (Public),fewer than 30 tested / no scores,growth
19647331931633,Diane S. Leichman Career Preparatory and Transition Center,Special Education Schools (Public),non-traditional school type,growth
19647330120808,Dorothy V. Johnson Community Day,District Community Day Schools,non-traditional school type,growth
19647331932888,Downtown Business High,Alternative Schools of Choice,non-traditional school type,growth
19647330117028,Dr. James Edward Jones Primary Center,Elementary Schools (Public),fewer than 30 tested / no scores,growth
19647331932318,Eagle Tree Continuation,Continuation High Schools,non-traditional school type,growth
19647330129536,Eastside High,Alternative Schools of Choice,non-traditional school type,growth
19647331931955,Ellington (Duke) High (Continuation),Continuation High Schools,non-traditional school type,growth
19647336060503,Ernest P. Willenberg Special Education Center,Special Education Schools (Public),non-traditional school type,growth
19647330122341,Esteban Torres East LA Performing Arts Magnet,Alternative Schools of Choice,non-traditional school type,growth
19647331932342,Evergreen Continuation,Continuation High Schools,non-traditional school type,growth
19647330133744,Fourth Street Primary Center,Elementary Schools (Public),fewer than 30 tested / no scores,growth
19647331995448,Francisco Bravo Medical Magnet High,Alternative Schools of Choice,non-traditional school type,growth
19647330110668,Frida Kahlo High,Continuation High Schools,non-traditional school type,growth
19647330109223,Garza (Carmen Lomas) Primary Center,Elementary Schools (Public),fewer than 30 tested / no scores,growth
19647331931518,George S. Patton Continuation,Continuation High Schools,non-traditional school type,growth
19647336058036,Griffith Middle,Alternative Schools of Choice,non-traditional school type,growth
19647331930619,Harold McAlister High (Opportunity),Opportunity Schools,non-traditional school type,growth
19647331930296,Harris Newmark Continuation,Continuation High Schools,non-traditional school type,growth
19647331932250,Henry David Thoreau Continuation,Continuation High Schools,non-traditional school type,growth
19647331931393,Highland Park Continuation,Continuation High Schools,non-traditional school type,growth
19647330109249,Hooper Avenue Primary Center,Elementary Schools (Public),fewer than 30 tested / no scores,growth
19647331931690,Independence Continuation,Continuation High Schools,non-traditional school type,growth
19647330141630,Iovine and Young Center,Alternative Schools of Choice,non-traditional school type,growth
19647330116954,Jack London Community Day,District Community Day Schools,non-traditional school type,growth
19647331931450,Jack London Continuation,Continuation High Schools,non-traditional school type,growth
19647336060511,James J. McBride Special Education Center,Special Education Schools (Public),non-traditional school type,growth
19647331932334,Jane Addams Continuation,Continuation High Schools,non-traditional school type,growth
19647331935717,Joaquin Miller Career and Transition Center,Special Education Schools (Public),non-traditional school type,growth
19647331931971,John Hope Continuation,Continuation High Schools,non-traditional school type,growth
19647331930940,John R. Wooden High,Continuation High Schools,non-traditional school type,growth
19647331939784,Joseph Pomeroy Widney Career Preparatory and Transition Center,Special Education Schools (Public),non-traditional school type,growth
19647331933001,King/Drew Medical Magnet High,Alternative Schools of Choice,non-traditional school type,growth
19647336119093,Lafayette Park Primary Center,Elementary Schools (Public),fewer than 30 tested / no scores,growth
19647331931716,Lake Balboa College Preparatory Magnet K-12,Alternative Schools of Choice,non-traditional school type,growth
19647330109199,Lake Street Primary,Elementary Schools (Public),fewer than 30 tested / no scores,growth
19647336017818,Laurel Elementary,Alternative Schools of Choice,non-traditional school type,growth
19647330141564,Leadership & Public Service Virtual Academy,Alternative Schools of Choice,non-traditional school type,growth
19647330109264,Lexington Avenue Primary Center,Elementary Schools (Public),fewer than 30 tested / no scores,growth
19647336017933,Lomita Math/Science/Technology Magnet,Alternative Schools of Choice,non-traditional school type,growth
19647331932847,Los Angeles Center for Enriched Studies,Alternative Schools of Choice,non-traditional school type,growth
19647336057897,"Luther Burbank Middle School Science, Technology, Engineering, Arts and Math Magnet",Alternative Schools of Choice,non-traditional school type,growth
19647330106922,Maple Primary Center,Elementary Schools (Public),fewer than 30 tested / no scores,growth
19647330109256,Mariposa-Nabi Primary Center,Elementary Schools (Public),fewer than 30 tested / no scores,growth
19647336060529,Marlton,Special Education Schools (Public),non-traditional school type,growth
19647330109207,Martha Escutia Primary Center,Elementary Schools (Public),fewer than 30 tested / no scores,growth
19647330122333,"Math, Science, & Technology Magnet Academy at Roosevelt High",Alternative Schools of Choice,non-traditional school type,growth
19647330135855,Maywood Center for Enriched Studies,Alternative Schools of Choice,non-traditional school type,growth
19647331931468,Metropolitan Continuation,Continuation High Schools,non-traditional school type,growth
19647331931070,Mid-City's Prescott School of Enriched Sciences,Alternative Schools of Choice,non-traditional school type,growth
19647330109272,Middleton Primary Center,Elementary Schools (Public),fewer than 30 tested / no scores,growth
19647331931484,Mission Continuation,Continuation High Schools,non-traditional school type,growth
19647331930486,Moneta Continuation,Continuation High Schools,non-traditional school type,growth
19647331931989,Monterey Continuation,Continuation High Schools,non-traditional school type,growth
19647331930791,Mt. Lukens Continuation,Continuation High Schools,non-traditional school type,growth
19647331931997,Odyssey Continuation,Continuation High Schools,non-traditional school type,growth
19647330109181,Olympic Primary Center,Elementary Schools (Public),fewer than 30 tested / no scores,growth
19647330106997,Orthopaedic Hospital,Alternative Schools of Choice,non-traditional school type,growth
19647336058382,Orville Wright Engineering and Design Magnet,Alternative Schools of Choice,non-traditional school type,growth
19647331931500,Owensmouth Continuation,Continuation High Schools,non-traditional school type,growth
19647336018709,Paseo del Rey Elementary,Alternative Schools of Choice,non-traditional school type,growth
19647331930783,Phoenix Continuation,Continuation High Schools,non-traditional school type,growth
19647336116842,Primary Academy for Success,Elementary Schools (Public),fewer than 30 tested / no scores,growth
19647331930577,Pueblo de Los Angeles Continuation,Continuation High Schools,non-traditional school type,growth
19647331937085,Ramona Opportunity High,Opportunity Schools,non-traditional school type,growth
19647330102764,Richard A. Alonzo Community Day,District Community Day Schools,non-traditional school type,growth
19647331931435,Robert H. Lewis Continuation,Continuation High Schools,non-traditional school type,growth
19647331930551,San Antonio Continuation,Continuation High Schools,non-traditional school type,growth
19647330133736,Science Academy STEM Magnet,Alternative Schools of Choice,non-traditional school type,growth
19647331933233,Sherman Oaks Center for Enriched Studies,Alternative Schools of Choice,non-traditional school type,growth
19647331930973,Simon Rodia Continuation,Continuation High Schools,non-traditional school type,growth
19647330122366,Social Justice Leadership Academy Magnet at Esteban E. Torres High No 5,Alternative Schools of Choice,non-traditional school type,growth
19647336060586,Sophia T. Salvin Special Education Center,Special Education Schools (Public),non-traditional school type,growth
19647330124412,Sotomayor Arts and Sciences Magnet,Alternative Schools of Choice,non-traditional school type,growth
19647336019301,South Shores/CSUDH Visual and Performing Arts,Alternative Schools of Choice,non-traditional school type,growth
19647330106930,Stanford Primary Center,Elementary Schools (Public),fewer than 30 tested / no scores,growth
19647331931559,Stoney Point Continuation,Continuation High Schools,non-traditional school type,growth
19647336061600,Sun Valley Magnet,Alternative Schools of Choice,non-traditional school type,growth
19647336060578,Sven Lokrantz Special Education Center,Special Education Schools (Public),non-traditional school type,growth
19647330130997,Sylmar Biotech Health and Engineering Magnet,Alternative Schools of Choice,non-traditional school type,growth
19647336019475,Thirty-Second Street USC Performing Arts,Alternative Schools of Choice,non-traditional school type,growth
19647331930692,Thomas Riley High,Alternative Schools of Choice,non-traditional school type,growth
19647336058085,Thomas Starr King Middle School Film and Media Magnet,Alternative Schools of Choice,non-traditional school type,growth
19647336016810,Tom Bradley Global Awareness Magnet,Alternative Schools of Choice,non-traditional school type,growth
19647331996073,Tri-C Community Day,District Community Day Schools,non-traditional school type,growth
19647330137083,University Pathways Medical Magnet Academy,Alternative Schools of Choice,non-traditional school type,growth
19647330140046,Valley Oaks Center for Enriched Studies,Alternative Schools of Choice,non-traditional school type,growth
19647331930429,View Park Continuation,Continuation High Schools,non-traditional school type,growth
19647336019798,Vintage Math/Science/Technology Magnet,Alternative Schools of Choice,non-traditional school type,growth
19647330141523,Virtual Academy of Business & Entrepreneurship,Alternative Schools of Choice,non-traditional school type,growth
19647330141531,Virtual Academy of International Studies/Humanities (World Languages and Cultures),Alternative Schools of Choice,non-traditional school type,growth
19647330141572,Virtual Academy of the Arts & Entertainment,Alternative Schools of Choice,non-traditional school type,growth
19647330141556,Virtual Academy STEAM,Alternative Schools of Choice,non-traditional school type,growth
19647336058077,"Washington Irving Middle School Math, Music and Engineering Magnet",Alternative Schools of Choice,non-traditional school type,growth
19647330109306,Washington Primary Center,Elementary Schools (Public),fewer than 30 tested / no scores,growth
19647331939479,WESM Health/Sports Medicine,Alternative Schools of Choice,non-traditional school type,growth
19647336019905,Western Avenue Technology Magnet,Alternative Schools of Choice,non-traditional school type,growth
19647331931054,Westside Global Awareness Magnet,Alternative Schools of Choice,non-traditional school type,growth
19647331931856,Whitman Continuation,Continuation High Schools,non-traditional school type,growth
19647331930403,Whitney Young Continuation,Continuation High Schools,non-traditional school type,growth
19647331931534,Will Rogers Continuation,Continuation High Schools,non-traditional school type,growth
19647330101329,William J. Johnston Community Day,District Community Day Schools,non-traditional school type,growth
19647331930064,William Tell Aggeler Opportunity High,Opportunity Schools,non-traditional school type,growth
19647336058374,"Wilmington Middle Science, Technology, Engineering, Arts, Mathematics (STEAM) Magnet",Alternative Schools of Choice,non-traditional school type,growth
19647336019996,Windsor Hills Math Science,Alternative Schools of Choice,non-traditional school type,growth
19647331995794,Youth Opportunities Unlimited,Alternative Schools of Choice,non-traditional school type,growth
19647331931682,Zane Grey Continuation,Continuation High Schools,non-traditional school type,growth
19647330127803,Early College Academy-LA Trade Tech College,High Schools (Public),no 2024 score or fewer than 30 tested in 2024,growth
19647330137091,University Pathways Public Service Academy,High Schools (Public),no 2024 score or fewer than 30 tested in 2024,growth
