year,district_list_name,cds,directory,sacs,caaspp
2022-23,ABC Unified,19642120000000,ABC Unified,ABC Unified,ABC Unified
2023-24,ABC Unified,19642120000000,ABC Unified,ABC Unified,ABC Unified
2024-25,ABC Unified,19642120000000,ABC Unified,ABC Unified,ABC Unified
2022-23,Acton-Agua Dulce Unified,19753090000000,Acton-Agua Dulce Unified,Acton-Agua Dulce Unified,Acton-Agua Dulce Unified
2023-24,Acton-Agua Dulce Unified,19753090000000,Acton-Agua Dulce Unified,Acton-Agua Dulce Unified,Acton-Agua Dulce Unified
2024-25,Acton-Agua Dulce Unified,19753090000000,Acton-Agua Dulce Unified,Acton-Agua Dulce Unified,Acton-Agua Dulce Unified
2022-23,Alhambra Unified,19757130000000,Alhambra Unified,Alhambra Unified,Alhambra Unified
2023-24,Alhambra Unified,19757130000000,Alhambra Unified,Alhambra Unified,Alhambra Unified
2024-25,Alhambra Unified,19757130000000,Alhambra Unified,Alhambra Unified,Alhambra Unified
2022-23,Antelope Valley Union High,19642460000000,Antelope Valley Union High,Antelope Valley Union High,Antelope Valley Union High
2023-24,Antelope Valley Union High,19642460000000,Antelope Valley Union High,Antelope Valley Union High,Antelope Valley Union High
2024-25,Antelope Valley Union High,19642460000000,Antelope Valley Union High,Antelope Valley Union High,Antelope Valley Union High
2022-23,Arcadia Unified,19642610000000,Arcadia Unified,Arcadia Unified,Arcadia Unified
2023-24,Arcadia Unified,19642610000000,Arcadia Unified,Arcadia Unified,Arcadia Unified
2024-25,Arcadia Unified,19642610000000,Arcadia Unified,Arcadia Unified,Arcadia Unified
2022-23,Azusa Unified,19642790000000,Azusa Unified,Azusa Unified,Azusa Unified
2023-24,Azusa Unified,19642790000000,Azusa Unified,Azusa Unified,Azusa Unified
2024-25,Azusa Unified,19642790000000,Azusa Unified,Azusa Unified,Azusa Unified
2022-23,Baldwin Park Unified,19642870000000,Baldwin Park Unified,Baldwin Park Unified,Baldwin Park Unified
2023-24,Baldwin Park Unified,19642870000000,Baldwin Park Unified,Baldwin Park Unified,Baldwin Park Unified
2024-25,Baldwin Park Unified,19642870000000,Baldwin Park Unified,Baldwin Park Unified,Baldwin Park Unified
2022-23,Bassett Unified,19642950000000,Bassett Unified,Bassett Unified,Bassett Unified
2023-24,Bassett Unified,19642950000000,Bassett Unified,Bassett Unified,Bassett Unified
2024-25,Bassett Unified,19642950000000,Bassett Unified,Bassett Unified,Bassett Unified
2022-23,Bellflower Unified,19643030000000,Bellflower Unified,Bellflower Unified,Bellflower Unified
2023-24,Bellflower Unified,19643030000000,Bellflower Unified,Bellflower Unified,Bellflower Unified
2024-25,Bellflower Unified,19643030000000,Bellflower Unified,Bellflower Unified,Bellflower Unified
2022-23,Beverly Hills Unified,19643110000000,Beverly Hills Unified,Beverly Hills Unified,Beverly Hills Unified
2023-24,Beverly Hills Unified,19643110000000,Beverly Hills Unified,Beverly Hills Unified,Beverly Hills Unified
2024-25,Beverly Hills Unified,19643110000000,Beverly Hills Unified,Beverly Hills Unified,Beverly Hills Unified
2022-23,Bonita Unified,19643290000000,Bonita Unified,Bonita Unified,Bonita Unified
2023-24,Bonita Unified,19643290000000,Bonita Unified,Bonita Unified,Bonita Unified
2024-25,Bonita Unified,19643290000000,Bonita Unified,Bonita Unified,Bonita Unified
2022-23,Burbank Unified,19643370000000,Burbank Unified,Burbank Unified,Burbank Unified
2023-24,Burbank Unified,19643370000000,Burbank Unified,Burbank Unified,Burbank Unified
2024-25,Burbank Unified,19643370000000,Burbank Unified,Burbank Unified,Burbank Unified
2022-23,Castaic Union,19643450000000,Castaic Union,Castaic Union Elementary,Castaic Union
2023-24,Castaic Union,19643450000000,Castaic Union,Castaic Union Elementary,Castaic Union
2024-25,Castaic Union,19643450000000,Castaic Union,Castaic Union Elementary,Castaic Union
2022-23,Centinela Valley Union High,19643520000000,Centinela Valley Union High,Centinela Valley Union High,Centinela Valley Union High
2023-24,Centinela Valley Union High,19643520000000,Centinela Valley Union High,Centinela Valley Union High,Centinela Valley Union High
2024-25,Centinela Valley Union High,19643520000000,Centinela Valley Union High,Centinela Valley Union High,Centinela Valley Union High
2022-23,Charter Oak Unified,19643780000000,Charter Oak Unified,Charter Oak Unified,Charter Oak Unified
2023-24,Charter Oak Unified,19643780000000,Charter Oak Unified,Charter Oak Unified,Charter Oak Unified
2024-25,Charter Oak Unified,19643780000000,Charter Oak Unified,Charter Oak Unified,Charter Oak Unified
2022-23,Claremont Unified,19643940000000,Claremont Unified,Claremont Unified,Claremont Unified
2023-24,Claremont Unified,19643940000000,Claremont Unified,Claremont Unified,Claremont Unified
2024-25,Claremont Unified,19643940000000,Claremont Unified,Claremont Unified,Claremont Unified
2022-23,Compton Unified,19734370000000,Compton Unified,Compton Unified,Compton Unified
2023-24,Compton Unified,19734370000000,Compton Unified,Compton Unified,Compton Unified
2024-25,Compton Unified,19734370000000,Compton Unified,Compton Unified,Compton Unified
2022-23,Covina-Valley Unified,19644360000000,Covina-Valley Unified,Covina-Valley Unified,Covina-Valley Unified
2023-24,Covina-Valley Unified,19644360000000,Covina-Valley Unified,Covina-Valley Unified,Covina-Valley Unified
2024-25,Covina-Valley Unified,19644360000000,Covina-Valley Unified,Covina-Valley Unified,Covina-Valley Unified
2022-23,Culver City Unified,19644440000000,Culver City Unified,Culver City Unified,Culver City Unified
2023-24,Culver City Unified,19644440000000,Culver City Unified,Culver City Unified,Culver City Unified
2024-25,Culver City Unified,19644440000000,Culver City Unified,Culver City Unified,Culver City Unified
2022-23,Downey Unified,19644510000000,Downey Unified,Downey Unified,Downey Unified
2023-24,Downey Unified,19644510000000,Downey Unified,Downey Unified,Downey Unified
2024-25,Downey Unified,19644510000000,Downey Unified,Downey Unified,Downey Unified
2022-23,Duarte Unified,19644690000000,Duarte Unified,Duarte Unified,Duarte Unified
2023-24,Duarte Unified,19644690000000,Duarte Unified,Duarte Unified,Duarte Unified
2024-25,Duarte Unified,19644690000000,Duarte Unified,Duarte Unified,Duarte Unified
2022-23,East Whittier City Elementary,19644850000000,East Whittier City Elementary,East Whittier City Elementary,East Whittier City Elementary
2023-24,East Whittier City Elementary,19644850000000,East Whittier City Elementary,East Whittier City Elementary,East Whittier City Elementary
2024-25,East Whittier City Elementary,19644850000000,East Whittier City Elementary,East Whittier City Elementary,East Whittier City Elementary
2022-23,Eastside Union Elementary,19644770000000,Eastside Union Elementary,Eastside Union Elementary,Eastside Union Elementary
2023-24,Eastside Union Elementary,19644770000000,Eastside Union Elementary,Eastside Union Elementary,Eastside Union Elementary
2024-25,Eastside Union Elementary,19644770000000,Eastside Union Elementary,Eastside Union Elementary,Eastside Union Elementary
2022-23,El Monte City,19645010000000,El Monte City,El Monte City Elementary,El Monte City
2023-24,El Monte City,19645010000000,El Monte City,El Monte City Elementary,El Monte City
2024-25,El Monte City,19645010000000,El Monte City,El Monte City Elementary,El Monte City
2022-23,El Monte Union High,19645190000000,El Monte Union High,El Monte Union High,El Monte Union High
2023-24,El Monte Union High,19645190000000,El Monte Union High,El Monte Union High,El Monte Union High
2024-25,El Monte Union High,19645190000000,El Monte Union High,El Monte Union High,El Monte Union High
2022-23,El Rancho Unified,19645270000000,El Rancho Unified,El Rancho Unified,El Rancho Unified
2023-24,El Rancho Unified,19645270000000,El Rancho Unified,El Rancho Unified,El Rancho Unified
2024-25,El Rancho Unified,19645270000000,El Rancho Unified,El Rancho Unified,El Rancho Unified
2022-23,El Segundo Unified,19645350000000,El Segundo Unified,El Segundo Unified,El Segundo Unified
2023-24,El Segundo Unified,19645350000000,El Segundo Unified,El Segundo Unified,El Segundo Unified
2024-25,El Segundo Unified,19645350000000,El Segundo Unified,El Segundo Unified,El Segundo Unified
2022-23,Garvey Elementary,19645500000000,Garvey Elementary,Garvey Elementary,Garvey Elementary
2023-24,Garvey Elementary,19645500000000,Garvey Elementary,Garvey Elementary,Garvey Elementary
2024-25,Garvey Elementary,19645500000000,Garvey Elementary,Garvey Elementary,Garvey Elementary
2022-23,Glendale Unified,19645680000000,Glendale Unified,Glendale Unified,Glendale Unified
2023-24,Glendale Unified,19645680000000,Glendale Unified,Glendale Unified,Glendale Unified
2024-25,Glendale Unified,19645680000000,Glendale Unified,Glendale Unified,Glendale Unified
2022-23,Glendora Unified,19645760000000,Glendora Unified,Glendora Unified,Glendora Unified
2023-24,Glendora Unified,19645760000000,Glendora Unified,Glendora Unified,Glendora Unified
2024-25,Glendora Unified,19645760000000,Glendora Unified,Glendora Unified,Glendora Unified
2022-23,Gorman Joint,19645840000000,Gorman Joint,Gorman Joint,Gorman Joint
2023-24,Gorman Joint,19645840000000,Gorman Joint,Gorman Joint,Gorman Joint
2024-25,Gorman Joint,19645840000000,Gorman Joint,Gorman Joint,Gorman Joint
2022-23,Hacienda la Puente Unified,19734450000000,Hacienda la Puente Unified,Hacienda La Puente Unified,Hacienda la Puente Unified
2023-24,Hacienda la Puente Unified,19734450000000,Hacienda la Puente Unified,Hacienda La Puente Unified,Hacienda la Puente Unified
2024-25,Hacienda la Puente Unified,19734450000000,Hacienda la Puente Unified,Hacienda La Puente Unified,Hacienda la Puente Unified
2022-23,Hawthorne,19645920000000,Hawthorne,Hawthorne Elementary,Hawthorne
2023-24,Hawthorne,19645920000000,Hawthorne,Hawthorne Elementary,Hawthorne
2024-25,Hawthorne,19645920000000,Hawthorne,Hawthorne Elementary,Hawthorne
2022-23,Hermosa Beach City Elementary,19646000000000,Hermosa Beach City Elementary,Hermosa Beach City Elementary,Hermosa Beach City Elementary
2023-24,Hermosa Beach City Elementary,19646000000000,Hermosa Beach City Elementary,Hermosa Beach City Elementary,Hermosa Beach City Elementary
2024-25,Hermosa Beach City Elementary,19646000000000,Hermosa Beach City Elementary,Hermosa Beach City Elementary,Hermosa Beach City Elementary
2022-23,Hughes-Elizabeth Lakes Union Elementary,19646260000000,Hughes-Elizabeth Lakes Union Elementary,Hughes-Elizabeth Lakes Union Elementary,Hughes-Elizabeth Lakes Union Elementary
2023-24,Hughes-Elizabeth Lakes Union Elementary,19646260000000,Hughes-Elizabeth Lakes Union Elementary,Hughes-Elizabeth Lakes Union Elementary,Hughes-Elizabeth Lakes Union Elementary
2024-25,Hughes-Elizabeth Lakes Union Elementary,19646260000000,Hughes-Elizabeth Lakes Union Elementary,Hughes-Elizabeth Lakes Union Elementary,Hughes-Elizabeth Lakes Union Elementary
2022-23,Inglewood Unified,19646340000000,Inglewood Unified,Inglewood Unified,Inglewood Unified
2023-24,Inglewood Unified,19646340000000,Inglewood Unified,Inglewood Unified,Inglewood Unified
2024-25,Inglewood Unified,19646340000000,Inglewood Unified,Inglewood Unified,Inglewood Unified
2022-23,Keppel Union Elementary,19646420000000,Keppel Union Elementary,Keppel Union Elementary,Keppel Union Elementary
2023-24,Keppel Union Elementary,19646420000000,Keppel Union Elementary,Keppel Union Elementary,Keppel Union Elementary
2024-25,Keppel Union Elementary,19646420000000,Keppel Union Elementary,Keppel Union Elementary,Keppel Union Elementary
2022-23,La Canada Unified,19646590000000,La Canada Unified,La Canada Unified,La Canada Unified
2023-24,La Canada Unified,19646590000000,La Canada Unified,La Canada Unified,La Canada Unified
2024-25,La Canada Unified,19646590000000,La Canada Unified,La Canada Unified,La Canada Unified
2022-23,Lancaster Elementary,19646670000000,Lancaster Elementary,Lancaster Elementary,Lancaster Elementary
2023-24,Lancaster Elementary,19646670000000,Lancaster Elementary,Lancaster Elementary,Lancaster Elementary
2024-25,Lancaster Elementary,19646670000000,Lancaster Elementary,Lancaster Elementary,Lancaster Elementary
2022-23,Las Virgenes Unified,19646830000000,Las Virgenes Unified,Las Virgenes Unified,Las Virgenes Unified
2023-24,Las Virgenes Unified,19646830000000,Las Virgenes Unified,Las Virgenes Unified,Las Virgenes Unified
2024-25,Las Virgenes Unified,19646830000000,Las Virgenes Unified,Las Virgenes Unified,Las Virgenes Unified
2022-23,Lawndale Elementary,19646910000000,Lawndale Elementary,Lawndale Elementary,Lawndale Elementary
2023-24,Lawndale Elementary,19646910000000,Lawndale Elementary,Lawndale Elementary,Lawndale Elementary
2024-25,Lawndale Elementary,19646910000000,Lawndale Elementary,Lawndale Elementary,Lawndale Elementary
2022-23,Lennox,19647090000000,Lennox,Lennox Elementary,Lennox
2023-24,Lennox,19647090000000,Lennox,Lennox Elementary,Lennox
2024-25,Lennox,19647090000000,Lennox,Lennox Elementary,Lennox
2022-23,Little Lake City Elementary,19647170000000,Little Lake City Elementary,Little Lake City Elementary,Little Lake City Elementary
2023-24,Little Lake City Elementary,19647170000000,Little Lake City Elementary,Little Lake City Elementary,Little Lake City Elementary
2024-25,Little Lake City Elementary,19647170000000,Little Lake City Elementary,Little Lake City Elementary,Little Lake City Elementary
2022-23,Long Beach Unified,19647250000000,Long Beach Unified,Long Beach Unified,Long Beach Unified
2023-24,Long Beach Unified,19647250000000,Long Beach Unified,Long Beach Unified,Long Beach Unified
2024-25,Long Beach Unified,19647250000000,Long Beach Unified,Long Beach Unified,Long Beach Unified
2022-23,Los Angeles Unified,19647330000000,Los Angeles Unified,Los Angeles Unified,Los Angeles Unified
2023-24,Los Angeles Unified,19647330000000,Los Angeles Unified,Los Angeles Unified,Los Angeles Unified
2024-25,Los Angeles Unified,19647330000000,Los Angeles Unified,Los Angeles Unified,Los Angeles Unified
2022-23,Los Nietos,19647580000000,Los Nietos,Los Nietos Elementary,Los Nietos
2023-24,Los Nietos,19647580000000,Los Nietos,Los Nietos Elementary,Los Nietos
2024-25,Los Nietos,19647580000000,Los Nietos,Los Nietos Elementary,Los Nietos
2022-23,Lynwood Unified,19647740000000,Lynwood Unified,Lynwood Unified,Lynwood Unified
2023-24,Lynwood Unified,19647740000000,Lynwood Unified,Lynwood Unified,Lynwood Unified
2024-25,Lynwood Unified,19647740000000,Lynwood Unified,Lynwood Unified,Lynwood Unified
2022-23,Manhattan Beach Unified,19753330000000,Manhattan Beach Unified,Manhattan Beach Unified,Manhattan Beach Unified
2023-24,Manhattan Beach Unified,19753330000000,Manhattan Beach Unified,Manhattan Beach Unified,Manhattan Beach Unified
2024-25,Manhattan Beach Unified,19753330000000,Manhattan Beach Unified,Manhattan Beach Unified,Manhattan Beach Unified
2022-23,Monrovia Unified,19647900000000,Monrovia Unified,Monrovia Unified,Monrovia Unified
2023-24,Monrovia Unified,19647900000000,Monrovia Unified,Monrovia Unified,Monrovia Unified
2024-25,Monrovia Unified,19647900000000,Monrovia Unified,Monrovia Unified,Monrovia Unified
2022-23,Montebello Unified,19648080000000,Montebello Unified,Montebello Unified,Montebello Unified
2023-24,Montebello Unified,19648080000000,Montebello Unified,Montebello Unified,Montebello Unified
2024-25,Montebello Unified,19648080000000,Montebello Unified,Montebello Unified,Montebello Unified
2022-23,Mountain View Elementary,19648160000000,Mountain View Elementary,Mountain View Elementary,Mountain View Elementary
2023-24,Mountain View Elementary,19648160000000,Mountain View Elementary,Mountain View Elementary,Mountain View Elementary
2024-25,Mountain View Elementary,19648160000000,Mountain View Elementary,Mountain View Elementary,Mountain View Elementary
2022-23,Newhall,19648320000000,Newhall,Newhall Elementary,Newhall
2023-24,Newhall,19648320000000,Newhall,Newhall Elementary,Newhall
2024-25,Newhall,19648320000000,Newhall,Newhall Elementary,Newhall
2022-23,Norwalk-La Mirada Unified,19648400000000,Norwalk-La Mirada Unified,Norwalk-La Mirada Unified,Norwalk-La Mirada Unified
2023-24,Norwalk-La Mirada Unified,19648400000000,Norwalk-La Mirada Unified,Norwalk-La Mirada Unified,Norwalk-La Mirada Unified
2024-25,Norwalk-La Mirada Unified,19648400000000,Norwalk-La Mirada Unified,Norwalk-La Mirada Unified,Norwalk-La Mirada Unified
2022-23,Palmdale Elementary,19648570000000,Palmdale Elementary,Palmdale Elementary,Palmdale Elementary
2023-24,Palmdale Elementary,19648570000000,Palmdale Elementary,Palmdale Elementary,Palmdale Elementary
2024-25,Palmdale Elementary,19648570000000,Palmdale Elementary,Palmdale Elementary,Palmdale Elementary
2022-23,Palos Verdes Peninsula Unified,19648650000000,Palos Verdes Peninsula Unified,Palos Verdes Peninsula Unified,Palos Verdes Peninsula Unified
2023-24,Palos Verdes Peninsula Unified,19648650000000,Palos Verdes Peninsula Unified,Palos Verdes Peninsula Unified,Palos Verdes Peninsula Unified
2024-25,Palos Verdes Peninsula Unified,19648650000000,Palos Verdes Peninsula Unified,Palos Verdes Peninsula Unified,Palos Verdes Peninsula Unified
2022-23,Paramount Unified,19648730000000,Paramount Unified,Paramount Unified,Paramount Unified
2023-24,Paramount Unified,19648730000000,Paramount Unified,Paramount Unified,Paramount Unified
2024-25,Paramount Unified,19648730000000,Paramount Unified,Paramount Unified,Paramount Unified
2022-23,Pasadena Unified,19648810000000,Pasadena Unified,Pasadena Unified,Pasadena Unified
2023-24,Pasadena Unified,19648810000000,Pasadena Unified,Pasadena Unified,Pasadena Unified
2024-25,Pasadena Unified,19648810000000,Pasadena Unified,Pasadena Unified,Pasadena Unified
2022-23,Pomona Unified,19649070000000,Pomona Unified,Pomona Unified,Pomona Unified
2023-24,Pomona Unified,19649070000000,Pomona Unified,Pomona Unified,Pomona Unified
2024-25,Pomona Unified,19649070000000,Pomona Unified,Pomona Unified,Pomona Unified
2022-23,Redondo Beach Unified,19753410000000,Redondo Beach Unified,Redondo Beach Unified,Redondo Beach Unified
2023-24,Redondo Beach Unified,19753410000000,Redondo Beach Unified,Redondo Beach Unified,Redondo Beach Unified
2024-25,Redondo Beach Unified,19753410000000,Redondo Beach Unified,Redondo Beach Unified,Redondo Beach Unified
2022-23,Rosemead Elementary,19649310000000,Rosemead Elementary,Rosemead Elementary,Rosemead Elementary
2023-24,Rosemead Elementary,19649310000000,Rosemead Elementary,Rosemead Elementary,Rosemead Elementary
2024-25,Rosemead Elementary,19649310000000,Rosemead Elementary,Rosemead Elementary,Rosemead Elementary
2022-23,Rowland Unified,19734520000000,Rowland Unified,Rowland Unified,Rowland Unified
2023-24,Rowland Unified,19734520000000,Rowland Unified,Rowland Unified,Rowland Unified
2024-25,Rowland Unified,19734520000000,Rowland Unified,Rowland Unified,Rowland Unified
2022-23,San Gabriel Unified,19752910000000,San Gabriel Unified,San Gabriel Unified,San Gabriel Unified
2023-24,San Gabriel Unified,19752910000000,San Gabriel Unified,San Gabriel Unified,San Gabriel Unified
2024-25,San Gabriel Unified,19752910000000,San Gabriel Unified,San Gabriel Unified,San Gabriel Unified
2022-23,San Marino Unified,19649640000000,San Marino Unified,San Marino Unified,San Marino Unified
2023-24,San Marino Unified,19649640000000,San Marino Unified,San Marino Unified,San Marino Unified
2024-25,San Marino Unified,19649640000000,San Marino Unified,San Marino Unified,San Marino Unified
2022-23,Santa Monica-Malibu Unified,19649800000000,Santa Monica-Malibu Unified,Santa Monica-Malibu Unified,Santa Monica-Malibu Unified
2023-24,Santa Monica-Malibu Unified,19649800000000,Santa Monica-Malibu Unified,Santa Monica-Malibu Unified,Santa Monica-Malibu Unified
2024-25,Santa Monica-Malibu Unified,19649800000000,Santa Monica-Malibu Unified,Santa Monica-Malibu Unified,Santa Monica-Malibu Unified
2022-23,Saugus Union,19649980000000,Saugus Union,Saugus Union Elementary,Saugus Union
2023-24,Saugus Union,19649980000000,Saugus Union,Saugus Union Elementary,Saugus Union
2024-25,Saugus Union,19649980000000,Saugus Union,Saugus Union Elementary,Saugus Union
2022-23,South Pasadena Unified,19650290000000,South Pasadena Unified,South Pasadena Unified,South Pasadena Unified
2023-24,South Pasadena Unified,19650290000000,South Pasadena Unified,South Pasadena Unified,South Pasadena Unified
2024-25,South Pasadena Unified,19650290000000,South Pasadena Unified,South Pasadena Unified,South Pasadena Unified
2022-23,South Whittier Elementary,19650370000000,South Whittier Elementary,South Whittier Elementary,South Whittier Elementary
2023-24,South Whittier Elementary,19650370000000,South Whittier Elementary,South Whittier Elementary,South Whittier Elementary
2024-25,South Whittier Elementary,19650370000000,South Whittier Elementary,South Whittier Elementary,South Whittier Elementary
2022-23,Sulphur Springs Union,19650450000000,Sulphur Springs Union,Sulphur Springs Union Elementary,Sulphur Springs Union
2023-24,Sulphur Springs Union,19650450000000,Sulphur Springs Union,Sulphur Springs Union Elementary,Sulphur Springs Union
2024-25,Sulphur Springs Union,19650450000000,Sulphur Springs Union,Sulphur Springs Union Elementary,Sulphur Springs Union
2022-23,Temple City Unified,19650520000000,Temple City Unified,Temple City Unified,Temple City Unified
2023-24,Temple City Unified,19650520000000,Temple City Unified,Temple City Unified,Temple City Unified
2024-25,Temple City Unified,19650520000000,Temple City Unified,Temple City Unified,Temple City Unified
2022-23,Torrance Unified,19650600000000,Torrance Unified,Torrance Unified,Torrance Unified
2023-24,Torrance Unified,19650600000000,Torrance Unified,Torrance Unified,Torrance Unified
2024-25,Torrance Unified,19650600000000,Torrance Unified,Torrance Unified,Torrance Unified
2022-23,Valle Lindo Elementary,19650780000000,Valle Lindo Elementary,Valle Lindo Elementary,Valle Lindo Elementary
2023-24,Valle Lindo Elementary,19650780000000,Valle Lindo Elementary,Valle Lindo Elementary,Valle Lindo Elementary
2024-25,Valle Lindo Elementary,19650780000000,Valle Lindo Elementary,Valle Lindo Elementary,Valle Lindo Elementary
2022-23,Walnut Valley Unified,19734600000000,Walnut Valley Unified,Walnut Valley Unified,Walnut Valley Unified
2023-24,Walnut Valley Unified,19734600000000,Walnut Valley Unified,Walnut Valley Unified,Walnut Valley Unified
2024-25,Walnut Valley Unified,19734600000000,Walnut Valley Unified,Walnut Valley Unified,Walnut Valley Unified
2022-23,West Covina Unified,19650940000000,West Covina Unified,West Covina Unified,West Covina Unified
2023-24,West Covina Unified,19650940000000,West Covina Unified,West Covina Unified,West Covina Unified
2024-25,West Covina Unified,19650940000000,West Covina Unified,West Covina Unified,West Covina Unified
2022-23,Westside Union Elementary,19651020000000,Westside Union Elementary,Westside Union Elementary,Westside Union Elementary
2023-24,Westside Union Elementary,19651020000000,Westside Union Elementary,Westside Union Elementary,Westside Union Elementary
2024-25,Westside Union Elementary,19651020000000,Westside Union Elementary,Westside Union Elementary,Westside Union Elementary
2022-23,Whittier City,19651100000000,Whittier City,Whittier City Elementary,Whittier City Elementary
2023-24,Whittier City,19651100000000,Whittier City,Whittier City Elementary,Whittier City
2024-25,Whittier City,19651100000000,Whittier City,Whittier City Elementary,Whittier City
2022-23,Whittier Union High,19651280000000,Whittier Union High,Whittier Union High,Whittier Union High
2023-24,Whittier Union High,19651280000000,Whittier Union High,Whittier Union High,Whittier Union High
2024-25,Whittier Union High,19651280000000,Whittier Union High,Whittier Union High,Whittier Union High
2022-23,William S. Hart Union High,19651360000000,William S. Hart Union High,William S. Hart Union High,William S. Hart Union High
2023-24,William S. Hart Union High,19651360000000,William S. Hart Union High,William S. Hart Union High,William S. Hart Union High
2024-25,William S. Hart Union High,19651360000000,William S. Hart Union High,William S. Hart Union High,William S. Hart Union High
2022-23,Wilsona Elementary,19651510000000,Wilsona Elementary,Wilsona Elementary,Wilsona Elementary
2023-24,Wilsona Elementary,19651510000000,Wilsona Elementary,Wilsona Elementary,Wilsona Elementary
2024-25,Wilsona Elementary,19651510000000,Wilsona Elementary,Wilsona Elementary,Wilsona Elementary
2022-23,Wiseburn Unified,19768690000000,Wiseburn Unified,Wiseburn Unified,Wiseburn Unified
2023-24,Wiseburn Unified,19768690000000,Wiseburn Unified,Wiseburn Unified,Wiseburn Unified
2024-25,Wiseburn Unified,19768690000000,Wiseburn Unified,Wiseburn Unified,Wiseburn Unified
