cds,year,step,ok,error
19642120000000,2022-23,sacs,True,
19642120000000,2022-23,caaspp,True,
19642120000000,2023-24,sacs,True,
19642120000000,2023-24,caaspp,True,
19642120000000,2024-25,sacs,True,
19642120000000,2024-25,caaspp,True,
19753090000000,2022-23,sacs,True,
19753090000000,2022-23,caaspp,True,
19753090000000,2023-24,sacs,True,
19753090000000,2023-24,caaspp,True,
19753090000000,2024-25,sacs,True,
19753090000000,2024-25,caaspp,True,
19757130000000,2022-23,sacs,True,
19757130000000,2022-23,caaspp,True,
19757130000000,2023-24,sacs,True,
19757130000000,2023-24,caaspp,True,
19757130000000,2024-25,sacs,True,
19757130000000,2024-25,caaspp,True,
19642460000000,2022-23,sacs,True,
19642460000000,2022-23,caaspp,True,
19642460000000,2023-24,sacs,True,
19642460000000,2023-24,caaspp,True,
19642460000000,2024-25,sacs,True,
19642460000000,2024-25,caaspp,True,
19642610000000,2022-23,sacs,True,
19642610000000,2022-23,caaspp,True,
19642610000000,2023-24,sacs,True,
19642610000000,2023-24,caaspp,True,
19642610000000,2024-25,sacs,True,
19642610000000,2024-25,caaspp,True,
19642790000000,2022-23,sacs,True,
19642790000000,2022-23,caaspp,True,
19642790000000,2023-24,sacs,True,
19642790000000,2023-24,caaspp,True,
19642790000000,2024-25,sacs,True,
19642790000000,2024-25,caaspp,True,
19642870000000,2022-23,sacs,True,
19642870000000,2022-23,caaspp,True,
19642870000000,2023-24,sacs,True,
19642870000000,2023-24,caaspp,True,
19642870000000,2024-25,sacs,True,
19642870000000,2024-25,caaspp,True,
19642950000000,2022-23,sacs,True,
19642950000000,2022-23,caaspp,True,
19642950000000,2023-24,sacs,True,
19642950000000,2023-24,caaspp,True,
19642950000000,2024-25,sacs,True,
19642950000000,2024-25,caaspp,True,
19643030000000,2022-23,sacs,True,
19643030000000,2022-23,caaspp,True,
19643030000000,2023-24,sacs,True,
19643030000000,2023-24,caaspp,True,
19643030000000,2024-25,sacs,True,
19643030000000,2024-25,caaspp,True,
19643110000000,2022-23,sacs,True,
19643110000000,2022-23,caaspp,True,
19643110000000,2023-24,sacs,True,
19643110000000,2023-24,caaspp,True,
19643110000000,2024-25,sacs,True,
19643110000000,2024-25,caaspp,True,
19643290000000,2022-23,sacs,True,
19643290000000,2022-23,caaspp,True,
19643290000000,2023-24,sacs,True,
19643290000000,2023-24,caaspp,True,
19643290000000,2024-25,sacs,True,
19643290000000,2024-25,caaspp,True,
19643370000000,2022-23,sacs,True,
19643370000000,2022-23,caaspp,True,
19643370000000,2023-24,sacs,True,
19643370000000,2023-24,caaspp,True,
19643370000000,2024-25,sacs,True,
19643370000000,2024-25,caaspp,True,
19643450000000,2022-23,sacs,True,
19643450000000,2022-23,caaspp,True,
19643450000000,2023-24,sacs,True,
19643450000000,2023-24,caaspp,True,
19643450000000,2024-25,sacs,True,
19643450000000,2024-25,caaspp,True,
19643520000000,2022-23,sacs,True,
19643520000000,2022-23,caaspp,True,
19643520000000,2023-24,sacs,True,
19643520000000,2023-24,caaspp,True,
19643520000000,2024-25,sacs,True,
19643520000000,2024-25,caaspp,True,
19643780000000,2022-23,sacs,True,
19643780000000,2022-23,caaspp,True,
19643780000000,2023-24,sacs,True,
19643780000000,2023-24,caaspp,True,
19643780000000,2024-25,sacs,True,
19643780000000,2024-25,caaspp,True,
19643940000000,2022-23,sacs,True,
19643940000000,2022-23,caaspp,True,
19643940000000,2023-24,sacs,True,
19643940000000,2023-24,caaspp,True,
19643940000000,2024-25,sacs,True,
19643940000000,2024-25,caaspp,True,
19734370000000,2022-23,sacs,True,
19734370000000,2022-23,caaspp,True,
19734370000000,2023-24,sacs,True,
19734370000000,2023-24,caaspp,True,
19734370000000,2024-25,sacs,True,
19734370000000,2024-25,caaspp,True,
19644360000000,2022-23,sacs,True,
19644360000000,2022-23,caaspp,True,
19644360000000,2023-24,sacs,True,
19644360000000,2023-24,caaspp,True,
19644360000000,2024-25,sacs,True,
19644360000000,2024-25,caaspp,True,
19644440000000,2022-23,sacs,True,
19644440000000,2022-23,caaspp,True,
19644440000000,2023-24,sacs,True,
19644440000000,2023-24,caaspp,True,
19644440000000,2024-25,sacs,True,
19644440000000,2024-25,caaspp,True,
19644510000000,2022-23,sacs,True,
19644510000000,2022-23,caaspp,True,
19644510000000,2023-24,sacs,True,
19644510000000,2023-24,caaspp,True,
19644510000000,2024-25,sacs,True,
19644510000000,2024-25,caaspp,True,
19644690000000,2022-23,sacs,True,
19644690000000,2022-23,caaspp,True,
19644690000000,2023-24,sacs,True,
19644690000000,2023-24,caaspp,True,
19644690000000,2024-25,sacs,True,
19644690000000,2024-25,caaspp,True,
19644850000000,2022-23,sacs,True,
19644850000000,2022-23,caaspp,True,
19644850000000,2023-24,sacs,True,
19644850000000,2023-24,caaspp,True,
19644850000000,2024-25,sacs,True,
19644850000000,2024-25,caaspp,True,
19644770000000,2022-23,sacs,True,
19644770000000,2022-23,caaspp,True,
19644770000000,2023-24,sacs,True,
19644770000000,2023-24,caaspp,True,
19644770000000,2024-25,sacs,True,
19644770000000,2024-25,caaspp,True,
19645010000000,2022-23,sacs,True,
19645010000000,2022-23,caaspp,True,
19645010000000,2023-24,sacs,True,
19645010000000,2023-24,caaspp,True,
19645010000000,2024-25,sacs,True,
19645010000000,2024-25,caaspp,True,
19645190000000,2022-23,sacs,True,
19645190000000,2022-23,caaspp,True,
19645190000000,2023-24,sacs,True,
19645190000000,2023-24,caaspp,True,
19645190000000,2024-25,sacs,True,
19645190000000,2024-25,caaspp,True,
19645270000000,2022-23,sacs,True,
19645270000000,2022-23,caaspp,True,
19645270000000,2023-24,sacs,True,
19645270000000,2023-24,caaspp,True,
19645270000000,2024-25,sacs,True,
19645270000000,2024-25,caaspp,True,
19645350000000,2022-23,sacs,True,
19645350000000,2022-23,caaspp,True,
19645350000000,2023-24,sacs,True,
19645350000000,2023-24,caaspp,True,
19645350000000,2024-25,sacs,True,
19645350000000,2024-25,caaspp,True,
19645500000000,2022-23,sacs,True,
19645500000000,2022-23,caaspp,True,
19645500000000,2023-24,sacs,True,
19645500000000,2023-24,caaspp,True,
19645500000000,2024-25,sacs,True,
19645500000000,2024-25,caaspp,True,
19645680000000,2022-23,sacs,True,
19645680000000,2022-23,caaspp,True,
19645680000000,2023-24,sacs,True,
19645680000000,2023-24,caaspp,True,
19645680000000,2024-25,sacs,True,
19645680000000,2024-25,caaspp,True,
19645760000000,2022-23,sacs,True,
19645760000000,2022-23,caaspp,True,
19645760000000,2023-24,sacs,True,
19645760000000,2023-24,caaspp,True,
19645760000000,2024-25,sacs,True,
19645760000000,2024-25,caaspp,True,
19645840000000,2022-23,sacs,True,
19645840000000,2022-23,caaspp,True,
19645840000000,2023-24,sacs,True,
19645840000000,2023-24,caaspp,True,
19645840000000,2024-25,sacs,True,
19645840000000,2024-25,caaspp,True,
19734450000000,2022-23,sacs,True,
19734450000000,2022-23,caaspp,True,
19734450000000,2023-24,sacs,True,
19734450000000,2023-24,caaspp,True,
19734450000000,2024-25,sacs,True,
19734450000000,2024-25,caaspp,True,
19645920000000,2022-23,sacs,True,
19645920000000,2022-23,caaspp,True,
19645920000000,2023-24,sacs,True,
19645920000000,2023-24,caaspp,True,
19645920000000,2024-25,sacs,True,
19645920000000,2024-25,caaspp,True,
19646000000000,2022-23,sacs,True,
19646000000000,2022-23,caaspp,True,
19646000000000,2023-24,sacs,True,
19646000000000,2023-24,caaspp,True,
19646000000000,2024-25,sacs,True,
19646000000000,2024-25,caaspp,True,
19646260000000,2022-23,sacs,True,
19646260000000,2022-23,caaspp,True,
19646260000000,2023-24,sacs,True,
19646260000000,2023-24,caaspp,True,
19646260000000,2024-25,sacs,True,
19646260000000,2024-25,caaspp,True,
19646340000000,2022-23,sacs,True,
19646340000000,2022-23,caaspp,True,
19646340000000,2023-24,sacs,True,
19646340000000,2023-24,caaspp,True,
19646340000000,2024-25,sacs,True,
19646340000000,2024-25,caaspp,True,
19646420000000,2022-23,sacs,True,
19646420000000,2022-23,caaspp,True,
19646420000000,2023-24,sacs,True,
19646420000000,2023-24,caaspp,True,
19646420000000,2024-25,sacs,True,
19646420000000,2024-25,caaspp,True,
19646590000000,2022-23,sacs,True,
19646590000000,2022-23,caaspp,True,
19646590000000,2023-24,sacs,True,
19646590000000,2023-24,caaspp,True,
19646590000000,2024-25,sacs,True,
19646590000000,2024-25,caaspp,True,
19646670000000,2022-23,sacs,True,
19646670000000,2022-23,caaspp,True,
19646670000000,2023-24,sacs,True,
19646670000000,2023-24,caaspp,True,
19646670000000,2024-25,sacs,True,
19646670000000,2024-25,caaspp,True,
19646830000000,2022-23,sacs,True,
19646830000000,2022-23,caaspp,True,
19646830000000,2023-24,sacs,True,
19646830000000,2023-24,caaspp,True,
19646830000000,2024-25,sacs,True,
19646830000000,2024-25,caaspp,True,
19646910000000,2022-23,sacs,True,
19646910000000,2022-23,caaspp,True,
19646910000000,2023-24,sacs,True,
19646910000000,2023-24,caaspp,True,
19646910000000,2024-25,sacs,True,
19646910000000,2024-25,caaspp,True,
19647090000000,2022-23,sacs,True,
19647090000000,2022-23,caaspp,True,
19647090000000,2023-24,sacs,True,
19647090000000,2023-24,caaspp,True,
19647090000000,2024-25,sacs,True,
19647090000000,2024-25,caaspp,True,
19647170000000,2022-23,sacs,True,
19647170000000,2022-23,caaspp,True,
19647170000000,2023-24,sacs,True,
19647170000000,2023-24,caaspp,True,
19647170000000,2024-25,sacs,True,
19647170000000,2024-25,caaspp,True,
19647250000000,2022-23,sacs,True,
19647250000000,2022-23,caaspp,True,
19647250000000,2023-24,sacs,True,
19647250000000,2023-24,caaspp,True,
19647250000000,2024-25,sacs,True,
19647250000000,2024-25,caaspp,True,
19647330000000,2022-23,sacs,True,
19647330000000,2022-23,caaspp,True,
19647330000000,2023-24,sacs,True,
19647330000000,2023-24,caaspp,True,
19647330000000,2024-25,sacs,True,
19647330000000,2024-25,caaspp,True,
19647580000000,2022-23,sacs,True,
19647580000000,2022-23,caaspp,True,
19647580000000,2023-24,sacs,True,
19647580000000,2023-24,caaspp,True,
19647580000000,2024-25,sacs,True,
19647580000000,2024-25,caaspp,True,
19647740000000,2022-23,sacs,True,
19647740000000,2022-23,caaspp,True,
19647740000000,2023-24,sacs,True,
19647740000000,2023-24,caaspp,True,
19647740000000,2024-25,sacs,True,
19647740000000,2024-25,caaspp,True,
19753330000000,2022-23,sacs,True,
19753330000000,2022-23,caaspp,True,
19753330000000,2023-24,sacs,True,
19753330000000,2023-24,caaspp,True,
19753330000000,2024-25,sacs,True,
19753330000000,2024-25,caaspp,True,
19647900000000,2022-23,sacs,True,
19647900000000,2022-23,caaspp,True,
19647900000000,2023-24,sacs,True,
19647900000000,2023-24,caaspp,True,
19647900000000,2024-25,sacs,True,
19647900000000,2024-25,caaspp,True,
19648080000000,2022-23,sacs,True,
19648080000000,2022-23,caaspp,True,
19648080000000,2023-24,sacs,True,
19648080000000,2023-24,caaspp,True,
19648080000000,2024-25,sacs,True,
19648080000000,2024-25,caaspp,True,
19648160000000,2022-23,sacs,True,
19648160000000,2022-23,caaspp,True,
19648160000000,2023-24,sacs,True,
19648160000000,2023-24,caaspp,True,
19648160000000,2024-25,sacs,True,
19648160000000,2024-25,caaspp,True,
19648320000000,2022-23,sacs,True,
19648320000000,2022-23,caaspp,True,
19648320000000,2023-24,sacs,True,
19648320000000,2023-24,caaspp,True,
19648320000000,2024-25,sacs,True,
19648320000000,2024-25,caaspp,True,
19648400000000,2022-23,sacs,True,
19648400000000,2022-23,caaspp,True,
19648400000000,2023-24,sacs,True,
19648400000000,2023-24,caaspp,True,
19648400000000,2024-25,sacs,True,
19648400000000,2024-25,caaspp,True,
19648570000000,2022-23,sacs,True,
19648570000000,2022-23,caaspp,True,
19648570000000,2023-24,sacs,True,
19648570000000,2023-24,caaspp,True,
19648570000000,2024-25,sacs,True,
19648570000000,2024-25,caaspp,True,
19648650000000,2022-23,sacs,True,
19648650000000,2022-23,caaspp,True,
19648650000000,2023-24,sacs,True,
19648650000000,2023-24,caaspp,True,
19648650000000,2024-25,sacs,True,
19648650000000,2024-25,caaspp,True,
19648730000000,2022-23,sacs,True,
19648730000000,2022-23,caaspp,True,
19648730000000,2023-24,sacs,True,
19648730000000,2023-24,caaspp,True,
19648730000000,2024-25,sacs,True,
19648730000000,2024-25,caaspp,True,
19648810000000,2022-23,sacs,True,
19648810000000,2022-23,caaspp,True,
19648810000000,2023-24,sacs,True,
19648810000000,2023-24,caaspp,True,
19648810000000,2024-25,sacs,True,
19648810000000,2024-25,caaspp,True,
19649070000000,2022-23,sacs,True,
19649070000000,2022-23,caaspp,True,
19649070000000,2023-24,sacs,True,
19649070000000,2023-24,caaspp,True,
19649070000000,2024-25,sacs,True,
19649070000000,2024-25,caaspp,True,
19753410000000,2022-23,sacs,True,
19753410000000,2022-23,caaspp,True,
19753410000000,2023-24,sacs,True,
19753410000000,2023-24,caaspp,True,
19753410000000,2024-25,sacs,True,
19753410000000,2024-25,caaspp,True,
19649310000000,2022-23,sacs,True,
19649310000000,2022-23,caaspp,True,
19649310000000,2023-24,sacs,True,
19649310000000,2023-24,caaspp,True,
19649310000000,2024-25,sacs,True,
19649310000000,2024-25,caaspp,True,
19734520000000,2022-23,sacs,True,
19734520000000,2022-23,caaspp,True,
19734520000000,2023-24,sacs,True,
19734520000000,2023-24,caaspp,True,
19734520000000,2024-25,sacs,True,
19734520000000,2024-25,caaspp,True,
19752910000000,2022-23,sacs,True,
19752910000000,2022-23,caaspp,True,
19752910000000,2023-24,sacs,True,
19752910000000,2023-24,caaspp,True,
19752910000000,2024-25,sacs,True,
19752910000000,2024-25,caaspp,True,
19649640000000,2022-23,sacs,True,
19649640000000,2022-23,caaspp,True,
19649640000000,2023-24,sacs,True,
19649640000000,2023-24,caaspp,True,
19649640000000,2024-25,sacs,True,
19649640000000,2024-25,caaspp,True,
19649800000000,2022-23,sacs,True,
19649800000000,2022-23,caaspp,True,
19649800000000,2023-24,sacs,True,
19649800000000,2023-24,caaspp,True,
19649800000000,2024-25,sacs,True,
19649800000000,2024-25,caaspp,True,
19649980000000,2022-23,sacs,True,
19649980000000,2022-23,caaspp,True,
19649980000000,2023-24,sacs,True,
19649980000000,2023-24,caaspp,True,
19649980000000,2024-25,sacs,True,
19649980000000,2024-25,caaspp,True,
19650290000000,2022-23,sacs,True,
19650290000000,2022-23,caaspp,True,
19650290000000,2023-24,sacs,True,
19650290000000,2023-24,caaspp,True,
19650290000000,2024-25,sacs,True,
19650290000000,2024-25,caaspp,True,
19650370000000,2022-23,sacs,True,
19650370000000,2022-23,caaspp,True,
19650370000000,2023-24,sacs,True,
19650370000000,2023-24,caaspp,True,
19650370000000,2024-25,sacs,True,
19650370000000,2024-25,caaspp,True,
19650450000000,2022-23,sacs,True,
19650450000000,2022-23,caaspp,True,
19650450000000,2023-24,sacs,True,
19650450000000,2023-24,caaspp,True,
19650450000000,2024-25,sacs,True,
19650450000000,2024-25,caaspp,True,
19650520000000,2022-23,sacs,True,
19650520000000,2022-23,caaspp,True,
19650520000000,2023-24,sacs,True,
19650520000000,2023-24,caaspp,True,
19650520000000,2024-25,sacs,True,
19650520000000,2024-25,caaspp,True,
19650600000000,2022-23,sacs,True,
19650600000000,2022-23,caaspp,True,
19650600000000,2023-24,sacs,True,
19650600000000,2023-24,caaspp,True,
19650600000000,2024-25,sacs,True,
19650600000000,2024-25,caaspp,True,
19650780000000,2022-23,sacs,True,
19650780000000,2022-23,caaspp,True,
19650780000000,2023-24,sacs,True,
19650780000000,2023-24,caaspp,True,
19650780000000,2024-25,sacs,True,
19650780000000,2024-25,caaspp,True,
19734600000000,2022-23,sacs,True,
19734600000000,2022-23,caaspp,True,
19734600000000,2023-24,sacs,True,
19734600000000,2023-24,caaspp,True,
19734600000000,2024-25,sacs,True,
19734600000000,2024-25,caaspp,True,
19650940000000,2022-23,sacs,True,
19650940000000,2022-23,caaspp,True,
19650940000000,2023-24,sacs,True,
19650940000000,2023-24,caaspp,True,
19650940000000,2024-25,sacs,True,
19650940000000,2024-25,caaspp,True,
19651020000000,2022-23,sacs,True,
19651020000000,2022-23,caaspp,True,
19651020000000,2023-24,sacs,True,
19651020000000,2023-24,caaspp,True,
19651020000000,2024-25,sacs,True,
19651020000000,2024-25,caaspp,True,
19651100000000,2022-23,sacs,True,
19651100000000,2022-23,caaspp,True,
19651100000000,2023-24,sacs,True,
19651100000000,2023-24,caaspp,True,
19651100000000,2024-25,sacs,True,
19651100000000,2024-25,caaspp,True,
19651280000000,2022-23,sacs,True,
19651280000000,2022-23,caaspp,True,
19651280000000,2023-24,sacs,True,
19651280000000,2023-24,caaspp,True,
19651280000000,2024-25,sacs,True,
19651280000000,2024-25,caaspp,True,
19651360000000,2022-23,sacs,True,
19651360000000,2022-23,caaspp,True,
19651360000000,2023-24,sacs,True,
19651360000000,2023-24,caaspp,True,
19651360000000,2024-25,sacs,True,
19651360000000,2024-25,caaspp,True,
19651510000000,2022-23,sacs,True,
19651510000000,2022-23,caaspp,True,
19651510000000,2023-24,sacs,True,
19651510000000,2023-24,caaspp,True,
19651510000000,2024-25,sacs,True,
19651510000000,2024-25,caaspp,True,
19768690000000,2022-23,sacs,True,
19768690000000,2022-23,caaspp,True,
19768690000000,2023-24,sacs,True,
19768690000000,2023-24,caaspp,True,
19768690000000,2024-25,sacs,True,
19768690000000,2024-25,caaspp,True,
