cds,year,ela,math,checked,source
19647330000000,2022-23,41.17,30.50,2026-09-30,caaspp-elpac.ets.org Test Results at a Glance; all students; all grades
19647330000000,2023-24,43.06,32.83,2026-09-29,caaspp-elpac.ets.org Test Results at a Glance; all students; all grades
19647330000000,2024-25,46.46,36.76,2026-09-29,caaspp-elpac.ets.org Test Results at a Glance; all students; all grades
19753410000000,2022-23,73.10,67.16,2026-10-05,caaspp-elpac.ets.org Test Results at a Glance; all students; all grades
19753410000000,2023-24,73.56,69.47,2026-10-05,caaspp-elpac.ets.org Test Results at a Glance; all students; all grades
19753410000000,2024-25,71.39,67.46,2026-10-05,caaspp-elpac.ets.org Test Results at a Glance; all students; all grades
19646260000000,2022-23,61.26,41.44,2026-10-05,caaspp-elpac.ets.org Test Results at a Glance; all students; all grades
19646260000000,2023-24,51.15,35.87,2026-10-05,caaspp-elpac.ets.org Test Results at a Glance; all students; all grades
19646260000000,2024-25,46.04,32.54,2026-10-05,caaspp-elpac.ets.org Test Results at a Glance; all students; all grades
19651280000000,2022-23,62.14,30.84,2026-10-05,caaspp-elpac.ets.org Test Results at a Glance; all students; all grades
19651280000000,2023-24,64.78,36.59,2026-10-05,caaspp-elpac.ets.org Test Results at a Glance; all students; all grades
19651280000000,2024-25,64.83,37.14,2026-10-05,caaspp-elpac.ets.org Test Results at a Glance; all students; all grades
