year,measure,function,expected,source
2022-23,ela_pct_met_or_exceeded,,41.17,"caaspp-elpac.ets.org Test Results at a Glance, LAUSD, all students, all grades"
2022-23,fund01_charter_ada,,35465.6,"LAUSD Unaudited Actuals 2022-23, Form A, Annual ADA column; 19-64733-0000000_A_2022-23_D8AD9CYTSY_A.pdf"
2022-23,gf_expenditure,1000 Instruction,5101457507.75,"LAUSD Unaudited Actuals 2022-23, Form 01 Expenditures by Function (p. 12, col. C Total Fund); 19-64733-0000000_A_2022-23_D8AD9CYTSY_Fund-A_01.pdf"
2022-23,gf_expenditure,2000 Instruction-Related Services,1605634797.05,"LAUSD Unaudited Actuals 2022-23, Form 01 Expenditures by Function (p. 12, col. C Total Fund); 19-64733-0000000_A_2022-23_D8AD9CYTSY_Fund-A_01.pdf"
2022-23,gf_expenditure,3000 Pupil Services,885509833.92,"LAUSD Unaudited Actuals 2022-23, Form 01 Expenditures by Function (p. 12, col. C Total Fund); 19-64733-0000000_A_2022-23_D8AD9CYTSY_Fund-A_01.pdf"
2022-23,gf_expenditure,4000 Ancillary Services,169765405.38,"LAUSD Unaudited Actuals 2022-23, Form 01 Expenditures by Function (p. 12, col. C Total Fund); 19-64733-0000000_A_2022-23_D8AD9CYTSY_Fund-A_01.pdf"
2022-23,gf_expenditure,5000 Community Services,4323916.59,"LAUSD Unaudited Actuals 2022-23, Form 01 Expenditures by Function (p. 12, col. C Total Fund); 19-64733-0000000_A_2022-23_D8AD9CYTSY_Fund-A_01.pdf"
2022-23,gf_expenditure,6000 Enterprise,-193.63,"LAUSD Unaudited Actuals 2022-23, Form 01 Expenditures by Function (p. 12, col. C Total Fund); 19-64733-0000000_A_2022-23_D8AD9CYTSY_Fund-A_01.pdf"
2022-23,gf_expenditure,7000 General Administration,600959166.66,"LAUSD Unaudited Actuals 2022-23, Form 01 Expenditures by Function (p. 12, col. C Total Fund); 19-64733-0000000_A_2022-23_D8AD9CYTSY_Fund-A_01.pdf"
2022-23,gf_expenditure,8000 Plant Services,1025999220.44,"LAUSD Unaudited Actuals 2022-23, Form 01 Expenditures by Function (p. 12, col. C Total Fund); 19-64733-0000000_A_2022-23_D8AD9CYTSY_Fund-A_01.pdf"
2022-23,gf_expenditure,9000 Other Outgo,28684878.31,"LAUSD Unaudited Actuals 2022-23, Form 01 Expenditures by Function (p. 12, col. C Total Fund); 19-64733-0000000_A_2022-23_D8AD9CYTSY_Fund-A_01.pdf"
2022-23,gf_expenditure,TOTAL,9422334532.47,"LAUSD Unaudited Actuals 2022-23, Form 01 Expenditures by Function (p. 12, col. C Total Fund); 19-64733-0000000_A_2022-23_D8AD9CYTSY_Fund-A_01.pdf"
2022-23,k12_ada,,348194.24,"LAUSD Unaudited Actuals 2022-23, Form A, Annual ADA column; 19-64733-0000000_A_2022-23_D8AD9CYTSY_A.pdf"
2022-23,math_pct_met_or_exceeded,,30.5,"caaspp-elpac.ets.org Test Results at a Glance, LAUSD, all students, all grades"
2023-24,ela_pct_met_or_exceeded,,43.06,"caaspp-elpac.ets.org Test Results at a Glance, LAUSD, all students, all grades"
2023-24,fund01_charter_ada,,35586.68,"LAUSD Unaudited Actuals 2023-24, Form A, Annual ADA column; 19-64733-0000000_A_2023-24_E8AXU2W3J4_A.pdf"
2023-24,gf_expenditure,1000 Instruction,5585251302.55,"LAUSD Unaudited Actuals 2023-24, Form 01 Expenditures by Function (p. 12, col. C Total Fund); 19-64733-0000000_A_2023-24_E8AXU2W3J4_Fund-A_01.pdf"
2023-24,gf_expenditure,2000 Instruction-Related Services,1689788571.28,"LAUSD Unaudited Actuals 2023-24, Form 01 Expenditures by Function (p. 12, col. C Total Fund); 19-64733-0000000_A_2023-24_E8AXU2W3J4_Fund-A_01.pdf"
2023-24,gf_expenditure,3000 Pupil Services,1097236613.63,"LAUSD Unaudited Actuals 2023-24, Form 01 Expenditures by Function (p. 12, col. C Total Fund); 19-64733-0000000_A_2023-24_E8AXU2W3J4_Fund-A_01.pdf"
2023-24,gf_expenditure,4000 Ancillary Services,237023952.31,"LAUSD Unaudited Actuals 2023-24, Form 01 Expenditures by Function (p. 12, col. C Total Fund); 19-64733-0000000_A_2023-24_E8AXU2W3J4_Fund-A_01.pdf"
2023-24,gf_expenditure,5000 Community Services,5155808.61,"LAUSD Unaudited Actuals 2023-24, Form 01 Expenditures by Function (p. 12, col. C Total Fund); 19-64733-0000000_A_2023-24_E8AXU2W3J4_Fund-A_01.pdf"
2023-24,gf_expenditure,6000 Enterprise,57833.55,"LAUSD Unaudited Actuals 2023-24, Form 01 Expenditures by Function (p. 12, col. C Total Fund); 19-64733-0000000_A_2023-24_E8AXU2W3J4_Fund-A_01.pdf"
2023-24,gf_expenditure,7000 General Administration,777107131.22,"LAUSD Unaudited Actuals 2023-24, Form 01 Expenditures by Function (p. 12, col. C Total Fund); 19-64733-0000000_A_2023-24_E8AXU2W3J4_Fund-A_01.pdf"
2023-24,gf_expenditure,8000 Plant Services,1115221449.33,"LAUSD Unaudited Actuals 2023-24, Form 01 Expenditures by Function (p. 12, col. C Total Fund); 19-64733-0000000_A_2023-24_E8AXU2W3J4_Fund-A_01.pdf"
2023-24,gf_expenditure,9000 Other Outgo,35943206.09,"LAUSD Unaudited Actuals 2023-24, Form 01 Expenditures by Function (p. 12, col. C Total Fund); 19-64733-0000000_A_2023-24_E8AXU2W3J4_Fund-A_01.pdf"
2023-24,gf_expenditure,TOTAL,10542785868.57,"LAUSD Unaudited Actuals 2023-24, Form 01 Expenditures by Function (p. 12, col. C Total Fund); 19-64733-0000000_A_2023-24_E8AXU2W3J4_Fund-A_01.pdf"
2023-24,k12_ada,,345338.43,"LAUSD Unaudited Actuals 2023-24, Form A, Annual ADA column; 19-64733-0000000_A_2023-24_E8AXU2W3J4_A.pdf"
2023-24,math_pct_met_or_exceeded,,32.83,"caaspp-elpac.ets.org Test Results at a Glance, LAUSD, all students, all grades"
2024-25,ela_pct_met_or_exceeded,,46.46,"caaspp-elpac.ets.org Test Results at a Glance, LAUSD, all students, all grades"
2024-25,fund01_charter_ada,,34895.44,"LAUSD Unaudited Actuals 2024-25, Form A, Annual ADA column; 19-64733-0000000_A_2024-25_F8ASEP6NM9_A.pdf"
2024-25,gf_expenditure,1000 Instruction,5663179266.02,"LAUSD Unaudited Actuals 2024-25, Form 01 Expenditures by Function (p. 12, col. C Total Fund); lausd_UA_file1.pdf"
2024-25,gf_expenditure,2000 Instruction-Related Services,1797858834.28,"LAUSD Unaudited Actuals 2024-25, Form 01 Expenditures by Function (p. 12, col. C Total Fund); lausd_UA_file1.pdf"
2024-25,gf_expenditure,3000 Pupil Services,1409222709.63,"LAUSD Unaudited Actuals 2024-25, Form 01 Expenditures by Function (p. 12, col. C Total Fund); lausd_UA_file1.pdf"
2024-25,gf_expenditure,4000 Ancillary Services,261630761.86,"LAUSD Unaudited Actuals 2024-25, Form 01 Expenditures by Function (p. 12, col. C Total Fund); lausd_UA_file1.pdf"
2024-25,gf_expenditure,5000 Community Services,6045925.07,"LAUSD Unaudited Actuals 2024-25, Form 01 Expenditures by Function (p. 12, col. C Total Fund); lausd_UA_file1.pdf"
2024-25,gf_expenditure,6000 Enterprise,0.0,"LAUSD Unaudited Actuals 2024-25, Form 01 Expenditures by Function (p. 12, col. C Total Fund); lausd_UA_file1.pdf"
2024-25,gf_expenditure,7000 General Administration,768298744.16,"LAUSD Unaudited Actuals 2024-25, Form 01 Expenditures by Function (p. 12, col. C Total Fund); lausd_UA_file1.pdf"
2024-25,gf_expenditure,8000 Plant Services,1197225860.54,"LAUSD Unaudited Actuals 2024-25, Form 01 Expenditures by Function (p. 12, col. C Total Fund); lausd_UA_file1.pdf"
2024-25,gf_expenditure,9000 Other Outgo,41736889.49,"LAUSD Unaudited Actuals 2024-25, Form 01 Expenditures by Function (p. 12, col. C Total Fund); lausd_UA_file1.pdf"
2024-25,gf_expenditure,TOTAL,11145198991.05,"LAUSD Unaudited Actuals 2024-25, Form 01 Expenditures by Function (p. 12, col. C Total Fund); lausd_UA_file1.pdf"
2024-25,k12_ada,,336446.66,"LAUSD Unaudited Actuals 2024-25, Form A, Annual ADA column; 19-64733-0000000_A_2024-25_F8ASEP6NM9_A.pdf"
2024-25,math_pct_met_or_exceeded,,36.76,"caaspp-elpac.ets.org Test Results at a Glance, LAUSD, all students, all grades"
