cds,district_name,district_type
19642120000000,ABC Unified,Unified
19753090000000,Acton-Agua Dulce Unified,Unified
19757130000000,Alhambra Unified,Unified
19642460000000,Antelope Valley Union High,High School
19642610000000,Arcadia Unified,Unified
19642790000000,Azusa Unified,Unified
19642870000000,Baldwin Park Unified,Unified
19642950000000,Bassett Unified,Unified
19643030000000,Bellflower Unified,Unified
19643110000000,Beverly Hills Unified,Unified
19643290000000,Bonita Unified,Unified
19643370000000,Burbank Unified,Unified
19643450000000,Castaic Union,Elementary
19643520000000,Centinela Valley Union High,High School
19643780000000,Charter Oak Unified,Unified
19643940000000,Claremont Unified,Unified
19734370000000,Compton Unified,Unified
19644360000000,Covina-Valley Unified,Unified
19644440000000,Culver City Unified,Unified
19644510000000,Downey Unified,Unified
19644690000000,Duarte Unified,Unified
19644850000000,East Whittier City Elementary,Elementary
19644770000000,Eastside Union Elementary,Elementary
19645010000000,El Monte City,Elementary
19645190000000,El Monte Union High,High School
19645270000000,El Rancho Unified,Unified
19645350000000,El Segundo Unified,Unified
19645500000000,Garvey Elementary,Elementary
19645680000000,Glendale Unified,Unified
19645760000000,Glendora Unified,Unified
19645840000000,Gorman Joint,Elementary
19734450000000,Hacienda la Puente Unified,Unified
19645920000000,Hawthorne,Elementary
19646000000000,Hermosa Beach City Elementary,Elementary
19646260000000,Hughes-Elizabeth Lakes Union Elementary,Elementary
19646340000000,Inglewood Unified,Unified
19646420000000,Keppel Union Elementary,Elementary
19646590000000,La Canada Unified,Unified
19646670000000,Lancaster Elementary,Elementary
19646830000000,Las Virgenes Unified,Unified
19646910000000,Lawndale Elementary,Elementary
19647090000000,Lennox,Elementary
19647170000000,Little Lake City Elementary,Elementary
19647250000000,Long Beach Unified,Unified
19647330000000,Los Angeles Unified,Unified
19647580000000,Los Nietos,Elementary
19647740000000,Lynwood Unified,Unified
19753330000000,Manhattan Beach Unified,Unified
19647900000000,Monrovia Unified,Unified
19648080000000,Montebello Unified,Unified
19648160000000,Mountain View Elementary,Elementary
19648320000000,Newhall,Elementary
19648400000000,Norwalk-La Mirada Unified,Unified
19648570000000,Palmdale Elementary,Elementary
19648650000000,Palos Verdes Peninsula Unified,Unified
19648730000000,Paramount Unified,Unified
19648810000000,Pasadena Unified,Unified
19649070000000,Pomona Unified,Unified
19753410000000,Redondo Beach Unified,Unified
19649310000000,Rosemead Elementary,Elementary
19734520000000,Rowland Unified,Unified
19752910000000,San Gabriel Unified,Unified
19649640000000,San Marino Unified,Unified
19649800000000,Santa Monica-Malibu Unified,Unified
19649980000000,Saugus Union,Elementary
19650290000000,South Pasadena Unified,Unified
19650370000000,South Whittier Elementary,Elementary
19650450000000,Sulphur Springs Union,Elementary
19650520000000,Temple City Unified,Unified
19650600000000,Torrance Unified,Unified
19650780000000,Valle Lindo Elementary,Elementary
19734600000000,Walnut Valley Unified,Unified
19650940000000,West Covina Unified,Unified
19651020000000,Westside Union Elementary,Elementary
19651100000000,Whittier City,Elementary
19651280000000,Whittier Union High,High School
19651360000000,William S. Hart Union High,High School
19651510000000,Wilsona Elementary,Elementary
19768690000000,Wiseburn Unified,Unified
